titre,prix_solde,prix_avant_reduction,note,lien_image
12 Roses Orange à Longue Tige,44.99,69.99,4.0,https://live.data.necs.ca/storage/products/12_roses_orange__longue_tige_thumb.webp?lastmode=1751508716?lastmode=1751508716
Délice Rose & Rouge,69.99,109.99,4.0,https://live.data.necs.ca/storage/products/dlice_rose__rouge_thumb.webp?lastmode=1751508716?lastmode=1751508716
Bouquet Chérie,44.99,74.99,4.0,https://live.data.necs.ca/storage/products/bouquet_chrie__thumb.webp?lastmode=1751508716?lastmode=1751508716
Marguerites Ensoleillées,29.99,49.99,5.0,https://live.data.necs.ca/storage/products/sunshine_daisies_thumb.webp?lastmode=1751508716?lastmode=1751508716
Meilleur Vendeur,90.99,90.99,5.0,https://live.data.necs.ca/storage/products/meilleur_vendeur__thumb.webp?lastmode=1751508716?lastmode=1751508716
Ensemble-cadeau de roses d'été et de ballons mélangés,46.99,46.99,5.0,https://live.data.necs.ca/storage/products/roses__mini_mylar_balloons_thumb.webp?lastmode=1751508716?lastmode=1751508716
Câlins et Bisous III,39.99,79.99,4.0,https://live.data.necs.ca/storage/products/hugs_and_kisses_iii_thumb.webp?lastmode=1751508716?lastmode=1751508716
L'amour le plus pur de Cœur,49.99,69.99,4.0,https://live.data.necs.ca/storage/products/heart__stroke_purest_love_thumb.webp?lastmode=1751508716?lastmode=1751508716
Câlins et Bisous II,34.99,69.99,5.0,https://live.data.necs.ca/storage/products/hugs_and_kisses_i_thumb.webp?lastmode=1751508716?lastmode=1751508716
50 fleurs d'Alstroemeria II,44.99,94.99,5.0,https://live.data.necs.ca/storage/products/50_blooms_of_alstroemeria_ii_thumb.webp?lastmode=1751508716?lastmode=1751508716
Rouge et blanc II,61.99,61.99,5.0,https://live.data.necs.ca/storage/products/red__white_iii_thumb.webp?lastmode=1751508716?lastmode=1751508716
Avec Coeur,52.99,52.99,5.0,https://live.data.necs.ca/storage/products/with_heart_thumb.webp?lastmode=1751508716?lastmode=1751508716
Cœur Enchanté,49.99,74.99,5.0,https://live.data.necs.ca/storage/products/enchanted_heart_thumb.webp?lastmode=1751508719?lastmode=1751508719
Rhapsodie Rouge,59.99,89.99,4.0,https://live.data.necs.ca/storage/products/red_rhapsody_thumb.webp?lastmode=1751508719?lastmode=1751508719
Câlins et Bisous I,44.99,69.99,5.0,https://live.data.necs.ca/storage/products/heartfelt_kisses_thumb.webp?lastmode=1751508719?lastmode=1751508719
Danse dans les Marguerites,49.99,69.99,5.0,https://live.data.necs.ca/storage/products/dancing_in_daisies_thumb.webp?lastmode=1751508719?lastmode=1751508719
Fleurs d'Amour,29.99,49.99,4.0,https://live.data.necs.ca/storage/products/blooms_of_love.webp?lastmode=1751508719?lastmode=1751508719
Rêver en Rose,52.99,52.99,4.0,https://live.data.necs.ca/storage/products/pink_dreams_thumb.webp?lastmode=1751508719?lastmode=1751508719
Collection de Chérie I,53.99,53.99,4.0,https://live.data.necs.ca/storage/products/sweetheart_collection_i_thumb.webp?lastmode=1751508719?lastmode=1751508719
Sweetheart Collection II,63.99,63.99,5.0,https://live.data.necs.ca/storage/products/sweetheart_collection_ii_thumb.webp?lastmode=1751508719?lastmode=1751508719
Apportez le Printemps,44.99,64.99,5.0,https://live.data.necs.ca/storage/products/bring_on_spring_bouquet_thumb.webp?lastmode=1751508719?lastmode=1751508719
Clin d'œil Rose dans un Bocal Maçon,34.99,64.99,5.0,https://live.data.necs.ca/storage/products/pink_wink_in_mason_jar_300x350.webp?lastmode=1751508719?lastmode=1751508719
Brise D'été en Bocal Maçon,29.99,59.99,5.0,https://live.data.necs.ca/storage/products/mj0113776_300x350.webp?lastmode=1751508719?lastmode=1751508719
Quel Plaisir en Bocal Maçon,34.99,69.99,5.0,https://live.data.necs.ca/storage/products/mj10004137761_300x350.webp?lastmode=1751508719?lastmode=1751508719
